id,name,filename,description,created_at,url
1,2025 Dec 29th,Weixin Image_2025-12-30_170712_881.jpg,2025 Dec 29th,2025-12-29,https://danielllwu.pythonanywhere.com/static/assets/photos/2025/12%20Dec/Weixin%Image_2025-12-30_170712_881.jpg
2,2025 Dec 27th,Weixin Image_2025-12-30_170741_959.jpg,2025 Dec 27th,2025-12-27,https://danielllwu.pythonanywhere.com/static/assets/photos/2025/12%21Dec/Weixin%Image_2025-12-30_170741_959.jpg
3,2025 Dec 26th,Weixin Image_2025-12-30_170751_968.jpg,2025 Dec 26th,2025-12-26,https://danielllwu.pythonanywhere.com/static/assets/photos/2025/12%22Dec/Weixin%Image_2025-12-30_170751_968.jpg
4,2025 Dec 25th,Weixin Image_2025-12-30_170802_804.jpg,2025 Dec 25th,2025-12-25,https://danielllwu.pythonanywhere.com/static/assets/photos/2025/12%23Dec/Weixin%Image_2025-12-30_170802_804.jpg
5,2025 Dec 24th,Weixin Image_2025-12-30_170814_243.jpg,2025 Dec 24th,2025-12-24,https://danielllwu.pythonanywhere.com/static/assets/photos/2025/12%24Dec/Weixin%Image_2025-12-30_170814_243.jpg
6,2025 Dec 23rd,Weixin Image_2025-12-30_170823_725.jpg,2025 Dec 23rd,2025-12-23,https://danielllwu.pythonanywhere.com/static/assets/photos/2025/12%25Dec/Weixin%Image_2025-12-30_170823_725.jpg
7,2025 Dec 22nd,Weixin Image_2025-12-30_170832_440.jpg,2025 Dec 22nd,2025-12-22,https://danielllwu.pythonanywhere.com/static/assets/photos/2025/12%26Dec/Weixin%Image_2025-12-30_170832_440.jpg
8,2025 Dec 21st,Weixin Image_2025-12-30_170842_484.jpg,2025 Dec 21st,2025-12-21,https://danielllwu.pythonanywhere.com/static/assets/photos/2025/12%27Dec/Weixin%Image_2025-12-30_170842_484.jpg
9,2025 Dec 20th,Weixin Image_2025-12-30_170852_665.jpg,2025 Dec 20th,2025-12-20,https://danielllwu.pythonanywhere.com/static/assets/photos/2025/12%28Dec/Weixin%Image_2025-12-30_170852_665.jpg
10,2025 Dec 19th,Weixin Image_2025-12-30_170901_734.jpg,2025 Dec 19th,2025-12-19,https://danielllwu.pythonanywhere.com/static/assets/photos/2025/12%29Dec/Weixin%Image_2025-12-30_170901_734.jpg
11,2025 Dec 18th,Weixin Image_2025-12-30_170910_485.jpg,2025 Dec 18th,2025-12-18,https://danielllwu.pythonanywhere.com/static/assets/photos/2025/12%30Dec/Weixin%Image_2025-12-30_170910_485.jpg
12,2025 Dec 17th,Weixin Image_2025-12-30_170918_988.jpg,2025 Dec 17th,2025-12-17,https://danielllwu.pythonanywhere.com/static/assets/photos/2025/12%31Dec/Weixin%Image_2025-12-30_170918_988.jpg
13,2025 Dec 16th,Weixin Image_2025-12-30_170927_261.jpg,2025 Dec 16th,2025-12-16,https://danielllwu.pythonanywhere.com/static/assets/photos/2025/12%32Dec/Weixin%Image_2025-12-30_170927_261.jpg
14,2025 Dec 15th,Weixin Image_2025-12-30_170935_510.jpg,2025 Dec 15th,2025-12-15,https://danielllwu.pythonanywhere.com/static/assets/photos/2025/12%33Dec/Weixin%Image_2025-12-30_170935_510.jpg
15,2025 Dec 14th,Weixin Image_2025-12-30_170944_373.jpg,2025 Dec 14th,2025-12-14,https://danielllwu.pythonanywhere.com/static/assets/photos/2025/12%34Dec/Weixin%Image_2025-12-30_170944_373.jpg
16,2025 Dec 13th,Weixin Image_2025-12-30_170954_155.jpg,2025 Dec 13th,2025-12-13,https://danielllwu.pythonanywhere.com/static/assets/photos/2025/12%35Dec/Weixin%Image_2025-12-30_170954_155.jpg
17,2025 Dec 12th,Weixin Image_2025-12-30_171002_586.jpg,2025 Dec 12th,2025-12-12,https://danielllwu.pythonanywhere.com/static/assets/photos/2025/12%36Dec/Weixin%Image_2025-12-30_171002_586.jpg
18,2025 Dec 11th,Weixin Image_2025-12-30_171013_108.jpg,2025 Dec 11th,2025-12-11,https://danielllwu.pythonanywhere.com/static/assets/photos/2025/12%37Dec/Weixin%Image_2025-12-30_171013_108.jpg
19,2025 Dec 11th,Weixin Image_2025-12-30_171018_842.jpg,2025 Dec 11th,2025-12-11,https://danielllwu.pythonanywhere.com/static/assets/photos/2025/12%38Dec/Weixin%Image_2025-12-30_171018_842.jpg
20,2025 Dec 9th,Weixin Image_2025-12-30_171026_930.jpg,2025 Dec 9th,2025-12-09,https://danielllwu.pythonanywhere.com/static/assets/photos/2025/12%39Dec/Weixin%Image_2025-12-30_171026_930.jpg
21,2025 Dec 8th,Weixin Image_2025-12-30_171035_781.jpg,2025 Dec 8th,2025-12-08,https://danielllwu.pythonanywhere.com/static/assets/photos/2025/12%40Dec/Weixin%Image_2025-12-30_171035_781.jpg
22,2025 Dec 7th,Weixin Image_2025-12-30_171044_810.jpg,2025 Dec 7th,2025-12-07,https://danielllwu.pythonanywhere.com/static/assets/photos/2025/12%41Dec/Weixin%Image_2025-12-30_171044_810.jpg
23,2025 Dec 6th,Weixin Image_2025-12-30_171053_529.jpg,2025 Dec 6th,2025-12-06,https://danielllwu.pythonanywhere.com/static/assets/photos/2025/12%42Dec/Weixin%Image_2025-12-30_171053_529.jpg
24,2025 Dec 5th,Weixin Image_2025-12-30_171101_062.jpg,2025 Dec 5th,2025-12-05,https://danielllwu.pythonanywhere.com/static/assets/photos/2025/12%43Dec/Weixin%Image_2025-12-30_171101_062.jpg
25,2025 Dec 4th ¿ °£,Weixin Image_2025-12-30_171108_991.jpg,2025 Dec 4th ¿ °£,2025-12-04,https://danielllwu.pythonanywhere.com/static/assets/photos/2025/12%44Dec/Weixin%Image_2025-12-30_171108_991.jpg
26,2025 Dec 3rd,Weixin Image_2025-12-30_171119_660.jpg,2025 Dec 3rd,2025-12-03,https://danielllwu.pythonanywhere.com/static/assets/photos/2025/12%45Dec/Weixin%Image_2025-12-30_171119_660.jpg
27,2025 Dec 2nd,Weixin Image_2025-12-30_171128_625.jpg,2025 Dec 2nd,2025-12-02,https://danielllwu.pythonanywhere.com/static/assets/photos/2025/12%46Dec/Weixin%Image_2025-12-30_171128_625.jpg
28,2025 Dec 1st,Weixin Image_2025-12-30_171139_901.jpg,2025 Dec 1st,2025-12-01,https://danielllwu.pythonanywhere.com/static/assets/photos/2025/12%47Dec/Weixin%Image_2025-12-30_171139_901.jpg
29,2025 Dec 30th,Weixin Image_2025-12-31_103625_534.jpg,2025 Dec 30th,2025-12-30,https://danielllwu.pythonanywhere.com/static/assets/photos/2025/12%47Dec/Weixin%Image_2025-12-31_103625_534.jpg
